/*
SQLyog Ultimate v12.4.1 (64 bit)
MySQL - 5.6.35-log : Database - hrms
*********************************************************************
*/

/*!40101 SET NAMES utf8 */;

/*!40101 SET SQL_MODE=''*/;

/*!40014 SET @OLD_UNIQUE_CHECKS=@@UNIQUE_CHECKS, UNIQUE_CHECKS=0 */;
/*!40014 SET @OLD_FOREIGN_KEY_CHECKS=@@FOREIGN_KEY_CHECKS, FOREIGN_KEY_CHECKS=0 */;
/*!40101 SET @OLD_SQL_MODE=@@SQL_MODE, SQL_MODE='NO_AUTO_VALUE_ON_ZERO' */;
/*!40111 SET @OLD_SQL_NOTES=@@SQL_NOTES, SQL_NOTES=0 */;
/*Data for the table `branches` */

insert  into `branches`(`ID`,`NAME`,`ADDRESS`) values (1,'Revature India,A','434/203, TTK Road, Alwarpet, Chennai-600018'),(2,'Revature India, B','No.55, AL Lakshmi Aachi Building, KB Dasan Road, Opp S.I.E.T College, Tenampet- '),(3,'Revature, Reston','11730 Plaza America Dr.\n2nd Floor \nReston, VA 20190'),(4,'Revature, FL',NULL);

/*Data for the table `departments` */

insert  into `departments`(`ID`,`NAME`) values (7,'Accounts Team'),(6,'Career Coaching Team'),(1,'Development Team'),(8,'Finance Team'),(4,'HR-India Team'),(5,'HR-US Team'),(11,'India Technology Team/Training Team'),(3,'Sales and Marketing Team'),(2,'Salesforce Team'),(9,'Sourcing Team'),(10,'Support Specialist Team');

/*Data for the table `designations` */

insert  into `designations`(`ID`,`NAME`) values (65,'Accounts Executive'),(4,'Admin Manager'),(62,'Associate Director, Client Delivery'),(50,'Associate Support Specialist'),(56,'Associate Test Engineer'),(53,'Business Analyst'),(12,'Business Development Manager'),(45,'Consultant-Accounts'),(58,'Delivery Support Associate'),(6,'Director'),(33,'Executive Accounts'),(22,'HR Associate'),(25,'HR Executive'),(26,'HR Manager'),(60,'HR Operations Associate'),(34,'HR Operations Manager'),(36,'HR Operations Specialist'),(55,'HR Operations Specilist'),(64,'Immigration Consultant'),(49,'Junior Support Specialist'),(17,'Lead Recruiter'),(19,'Lead Software Engineer'),(59,'Management Trainee'),(9,'Manager - Professional Services'),(13,'Manager – Career Coaching'),(61,'Manager- Staging'),(2,'Managing Director'),(48,'Payroll Manager'),(11,'Principal Architect'),(44,'Product Owner'),(3,'Program Manager'),(24,'QA Manager'),(37,'Recruiter'),(10,'Resource Maanger'),(7,'Resource Manager'),(35,'Salesforce Developer'),(57,'Senior Associate- Staging'),(5,'Senior Director'),(32,'Senior Executive Accounts'),(47,'Senior Graphical Designer'),(28,'Senior HR Associate'),(52,'Senior Resource Manager'),(38,'Senior Web Developer'),(20,'Software Engineer'),(40,'Software Engineer Trainee'),(8,'Sourcing Team Lead'),(1,'Sr. Accounts Manager'),(41,'Sr. HR Operations Specialist'),(31,'Sr. Java Trainer'),(21,'Sr. Recruiter'),(14,'Sr. Technical Manager'),(39,'Sr.Business Development Manager'),(15,'Sr.Lead Test Engineer'),(23,'Sr.Operation Specilist'),(54,'Support Business Development Manager'),(16,'System Administrator'),(42,'Technical Analyst'),(29,'Technical Recruiter'),(43,'Technical Specialist'),(30,'Technical Support Engineer'),(18,'Test Engineer'),(63,'Test Engineer Trainee'),(51,'UI Developer'),(27,'US IT Recruiter'),(46,'US-IT Recruiter');

/*Data for the table `employees` */

insert  into `employees`(`CODE`,`NAME`,`EMAIL`,`REPORTING_TO`,`SHIFT_ID`,`DEPARTMENT_ID`,`BRANCH_ID`,`DESIGNATION_ID`) values ('RCS004','K.Roopesh','roopesh@revature.com','USA',6,7,1,1),('RCS005','Sriram R','sriram@revature.com','INDIA',NULL,NULL,1,2),('RCS006','Ashok Kannan','ashok@revature.com','USA',6,3,1,3),('RCS007','P. Prabhakar','prabhakar@revature.com','INDIA',NULL,NULL,1,4),('RCS009','K.Balasubramaniam','kbala@revature.com','USA',6,3,1,5),('RCS010','N.Senthil Kumar','senthil@revature.com','INDIA',NULL,NULL,1,6),('RCS012','A. Carmel Britto','george@revature.com','USA',6,3,1,7),('RCS013','J. Balaji','balajij@revature.com','INDIA',3,9,2,8),('RCS014','S. Balaji','balaji@revature.com','INDIA',5,4,1,9),('RCS017','Madhan Vasanth','vasanth@revature.com','INDIA',6,3,1,10),('RCS019','Esakki Perumal','esakkip@revature.com','INDIA',1,1,1,11),('RCS021','Thoufique Ahmed','terry@revature.com','USA',6,3,1,10),('RCS025','George Sylvester Hart','sylvester@revature.com','USA',6,3,1,12),('RCS028','Omar Julien Somasundaram','nick.anderson@revature.com','USA',6,6,1,13),('RCS030','Rajesh Yamunachari','rajeshy@revature.com','USA',6,11,2,14),('RCS033','G. Kiruthika','kiruthika@revature.com','INDIA',1,1,1,15),('RCS034','Raghavan Swaminathan','raghavan@revature.com','USA',6,11,2,14),('RCS035','G. Senthil Kumar','senthilg@revature.com','USA',6,NULL,1,16),('RCS041','Wasim Khalique','wasimk@revature.com','USA',6,3,1,17),('RCS045','A.N. Harini','harini@revature.com','USA',2,2,1,18),('RCS049','S.Vijayakumar','vijayakumars@revature.com','INDIA',1,1,1,19),('RCS052','Avinash Kumar','avinashk@revature.com','INDIA',1,1,1,20),('RCS056','M. Naveen Kumar','naveenk@revature.com','USA',6,6,NULL,21),('RCS059','J.Salma Jesse','salma@revature.com','INDIA',3,9,2,22),('RCS064','Jancy Arogia Mary','jancy@revature.com','USA',2,2,1,20),('RCS066','B. Sriram','sriram.babu@revature.com','USA',4,10,1,23),('RCS070','Prabhu Shankar Ramani','prabhushankar@revature.com','INDIA',1,1,1,24),('RCS075','A.V Arjun Raja','arjun@revature.com','USA',6,3,1,12),('RCS076','P Suresh','suresh@revature.com','INDIA',1,1,1,20),('RCS077','N. Sarathkumar','sarath@revature.com','USA',6,7,1,25),('RCS079','A. Ophilia Pushpa','ophilia@revature.com','INDIA',NULL,4,1,26),('RCS086','A. Aswini','amy.farook@revature.com',NULL,6,6,1,27),('RCS093','S. Priyanga','priyanga@revature.com',NULL,3,9,2,28),('RCS097','Vithusha Rameshan','vithusha.rameshan@gmail.com',NULL,6,6,1,29),('RCS098','Navin Rajan','navinraj194@gmail.com',NULL,3,9,2,28),('RCS118','Balasubramaniam S.M','balasubramanian@revature.com',NULL,3,9,2,22),('RCS122','Ponraj.M','ponraj@revature.com',NULL,1,1,1,30),('RCS126','V.Sai Rangarajan','simon.baker@revature.com',NULL,6,6,1,27),('RCS127','V.Janani','janani@revature.com','USA',6,11,2,31),('RCS128','T. Kulothungan','kulothungan.thillainathan@revature.com',NULL,3,9,1,22),('RCS132','Vignesh Subramanian','vigneshs@revature.com',NULL,3,9,1,22),('RCS135','Bhavani','bhavania@revature.com',NULL,3,9,1,22),('RCS136','Abinesh E','abinesh.easwar@revature.com',NULL,NULL,8,1,32),('RCS137','Vijay Ramalingam','vijayr@revature.com',NULL,NULL,8,1,33),('RCS138','Geetha.P','lisa.wilson@revature.com',NULL,6,6,1,17),('RCS139','Raja Pusparaj','raja.pushparaj@revature.com',NULL,3,9,2,22),('RCS140','Sesurajan Jude.T','judes@revature.com',NULL,6,5,1,34),('RCS141','Vignesh Murugesan','vigneshm@revature.com',NULL,2,2,1,35),('RCS145','Sagayaraj Camino','caminos@revature.com',NULL,6,5,1,36),('RCS149','Rajaraman R.J','rajaramanj@revature.com',NULL,5,4,1,37),('RCS156','Ajay Kumar','ajayk@revature.com',NULL,4,1,1,38),('RCS157','Mohammed Rafiq','mohammedr@revature.com',NULL,3,9,2,39),('RCS158','SHARMILEE.K','sharmileek@revature.com',NULL,3,9,2,22),('RCS159','RAGAVAN PV','ragavanpv@revature.com',NULL,1,1,1,40),('RCS160','SRIDHAR G','sridharg@revature.com',NULL,1,1,1,40),('RCS161','ASWINI PRIYA','aswini.priya@revature.com',NULL,1,1,1,40),('RCS162','SUMITH SUBRAMANIAN','sumiths@revature.com',NULL,6,5,1,41),('RCS164','Akshay.PK','akshayp@revature.com',NULL,6,11,2,42),('RCS165','Aiswarya.R','aiswaryar@revature.com',NULL,6,11,2,42),('RCS166','Rashika Guna.G','rashikag@revature.com',NULL,6,11,2,42),('RCS167','Suganya.D','suganyad@revature.com',NULL,6,11,2,43),('RCS168','Arvind.R','arvindr@revature.com',NULL,4,1,1,20),('RCS169','Valluru pavan srivatsav','pavanv@revature.com',NULL,1,1,1,40),('RCS170','CHITRA J','chitraj@revature.com',NULL,1,1,1,40),('RCS171','VIGHNESH SIVARAMAN','vigneshsr@revature.com',NULL,1,1,1,40),('RCS172','M.Bhuvaneswari','bhuvaneshwarim@revature.com',NULL,6,11,2,42),('RCS173','Sreenath H B','sreenath@revature.com',NULL,NULL,1,1,44),('RCS174','L.Sudharsan','sudharsanl@revature.com',NULL,1,1,1,40),('RCS177','Nithish Bharath','nithishb@revature.com',NULL,2,2,1,40),('RCS182','T R Kishore Kumar','kishorek@revature.com',NULL,NULL,8,1,45),('RCS183','T.K.Jambeshvar','jason.price@revature.com',NULL,6,6,1,46),('RCS184','Vasanth Rajendran','vasanthr@revature.com',NULL,6,6,1,27),('RCS186','R.Vandhana','vandhanar@revature.com',NULL,3,9,2,22),('RCS187','Mahendran.S','mahendrans@revature.com',NULL,5,9,2,47),('RCS188','Livya.M','livyam@revature.com',NULL,3,9,2,22),('RCS190','Teena Irene Sapna . M','tina.ervin@revature.com',NULL,6,6,1,46),('RCS191','Vijay Kumar Mogudampalli','vijayk@revature.com',NULL,6,NULL,1,48),('RCS193','Srivatsan Ravikumar','srivatsanr@revature.com',NULL,6,10,1,49),('RCS196','Kirthika.P','cathy.taylor@revature.com',NULL,6,6,1,27),('RCS198','Shaheen Sadiqa','heidi.york@revature.com',NULL,6,6,1,50),('RCS199','Roberts Peters','robert.peters@revature.com',NULL,6,3,1,7),('RCS200','Jayashree. V','jane.collins@revature.com',NULL,6,6,1,27),('RCS201','Tamilarasu Rajendran','tamilarasur@revature.com',NULL,1,1,1,51),('RCS202','Shivakumar Ganesan','shiva.kumar@revature.com',NULL,6,6,1,52),('RCS203','Niranjan.R','niranjanr@revature.com',NULL,3,9,2,53),('RCS204','Jenifer.Y','jenifers@revature.com',NULL,6,11,2,42),('RCS205','Mohamed Hasheem.Y','mohamedh@revature.com',NULL,3,9,2,22),('RCS206','Praveen Kumar.P','praveenk@revature.com',NULL,3,9,2,22),('RCS208','Gabriel Santhosh Kumar','gabriels@revature.com',NULL,6,3,1,54),('RCS210','Malini.A','malini.anandh@revature.com',NULL,6,5,1,55),('RCS214','Naga Sangeetha','naga.sangeetha@revature.com',NULL,1,1,1,56),('RCS215','Uma Maheshwari. R','uma.maheswari@revature.com',NULL,3,9,2,22),('RCS216','Logeshwari B','logeshwari.babu@revature.com',NULL,1,1,1,40),('RCS217','Shanker Rao.E','shanker.rao@revature.com',NULL,6,11,2,57),('RCS218','Amrut S Trivedi','amrut.trivedi@revature.com',NULL,6,3,1,58),('RCS221','Rajalakshmi.B','rajalakshmib@revature.com',NULL,3,9,2,22),('RCS222','Saheefa Tanveer','saheefa.tanveer@revature.com',NULL,3,9,2,22),('RCS223','Sashi Yadav','sashi.yadav@revature.com',NULL,1,1,1,40),('RCS224','Hemalatha.D','hemalatha.dhanapal@revature.com',NULL,3,9,2,22),('RCS225','Leelavathy.U','leelavathy.ulganathan@revature.com',NULL,3,9,2,22),('RCS226','Siddharth.V','stephen.michel@revature.com',NULL,6,6,1,59),('RCS227','Mohammed Nazim Ansari','ethan.william@revature.com',NULL,6,6,1,59),('RCS228','Yugashree.K','yarina.williams@revature.com',NULL,6,6,1,27),('RCS229','Kamalesh Ramalingam','kenny.sebastian@revature.com',NULL,6,6,1,27),('RCS230','Pavithra.S','pavithra.subramani@revature.com',NULL,1,1,1,40),('RCS231','Yamini Devi','yamini.devi@revature.com',NULL,3,9,2,22),('RCS232','Siva Shakthi','siva.shakti@revature.com',NULL,3,9,2,22),('RCS233','Preethi Sekar','preethi.sekar@revature.com',NULL,6,5,1,60),('RCS234','Antony Xavier','antony.xavier@revature.com',NULL,6,11,2,61),('RCS235','Ajit Mishra','ajit.mishra@revature.com',NULL,6,3,1,62),('RCS236','Keerthana','keerthana.ravichandran@revature.com',NULL,6,1,1,63),('RCS237','Venkatesh Chinnathambi','venkatesh.chinnathambi@revature.com',NULL,6,3,1,64),('RCS238','Kolli Vasu','kolli.vasu@revature.com',NULL,6,7,1,65);

/*Data for the table `shift_timings` */

insert  into `shift_timings`(`ID`,`START`,`END`,`ZONE`,`ZONE_OFFSET`) values (1,'10:00:00','19:00:00','Asia/Kolkata','+05:30'),(2,'11:00:00','20:00:00','Asia/Kolkata','+05:30'),(3,'11:30:00','20:30:00','Asia/Kolkata','+05:30'),(4,'13:00:00','22:00:00','Asia/Kolkata','+05:30'),(5,'14:00:00','23:00:00','Asia/Kolkata','+05:30'),(6,'19:00:00','04:00:00','America/New_York','-05:00');

/*!40101 SET SQL_MODE=@OLD_SQL_MODE */;
/*!40014 SET FOREIGN_KEY_CHECKS=@OLD_FOREIGN_KEY_CHECKS */;
/*!40014 SET UNIQUE_CHECKS=@OLD_UNIQUE_CHECKS */;
/*!40111 SET SQL_NOTES=@OLD_SQL_NOTES */;
